ip,label
149.72.247.131,Tim Ferriss
168.245.120.250,Test
168.245.126.179,No2
149.72.158.9,No2
149.72.176.45,No2
168.245.5.113,No2
149.72.39.237,No2
192.254.115.187,No2
149.72.61.159,No2
149.72.60.6,No2
149.72.193.89,No2
159.183.200.47,No2
167.89.30.32,No
167.89.30.57,No
167.89.31.253,No
167.89.80.39,No
168.245.93.138,No
149.72.21.245,No
167.89.29.250,Medium
167.89.29.34,Medium
167.89.3.15,Medium
167.89.80.33,Medium
149.72.157.114,Medium
167.89.105.164,Medium
149.72.157.113,Medium
149.72.214.208,Medium
149.72.201.182,Medium
167.89.86.243,Medium
167.89.91.222,Medium
168.245.98.99,Low
168.245.97.130,Low
149.72.161.220,Low
168.245.53.223,Low
50.31.40.57,Low
149.72.235.3,High2
168.245.119.110,High2
167.89.80.227,High2
168.245.119.110,High
167.89.80.227,High
149.72.155.160,account-694562
149.72.81.69,
168.245.74.121,
149.72.196.235,account-396043
149.72.255.69,
149.72.23.234,
149.72.224.116,
167.89.29.208,account-24707
198.21.6.132,account-24707
159.183.100.113,account-1584520
167.89.87.215,account-146220
149.72.250.167,
149.72.200.189,
167.89.38.102,
168.245.92.169,Medium2
168.245.50.52,Medium2
149.72.174.164,
149.72.29.16,account-1094
149.72.251.183,account-1895907
159.183.11.7,account-1812252
159.183.127.159,
159.183.170.32,account-1165486
134.128.87.91,account-2318453
